rank,file,t_sec,score,U,A,D,n_boxes,n_ambiguous,empty,selected
1,frame_0016.jpg,6.4,0.7645,0.7862,0.5714,1.0,9,4,False,True
2,frame_0002.jpg,0.8,0.7578,0.6871,0.7143,1.0,11,5,False,True
3,frame_0029.jpg,11.6,0.7259,0.7089,0.5714,1.0,10,4,False,True
4,frame_0067.jpg,26.8,0.7221,0.53,0.8571,1.0,13,6,False,True
5,frame_0077.jpg,30.8,0.7133,0.8174,0.4286,0.88,12,3,False,True
6,frame_0021.jpg,8.4,0.6992,0.6556,0.5714,1.0,9,4,False,True
7,frame_0079.jpg,31.6,0.6786,0.8658,0.2857,0.8,12,2,False,False
8,frame_0133.jpg,53.2,0.673,0.6031,0.5714,1.0,11,4,False,True
9,frame_0387.jpg,154.8,0.6727,0.6655,1.0,0.2,13,7,False,True
10,frame_0124.jpg,49.6,0.6695,0.6385,0.7143,0.68,15,5,False,True
11,frame_0176.jpg,70.4,0.6686,0.8127,0.7143,0.24,10,5,False,True
12,frame_0001.jpg,0.4,0.6648,0.5867,0.5714,1.0,12,4,False,False
13,frame_0073.jpg,29.2,0.6611,0.5793,0.5714,1.0,11,4,False,False
14,frame_0033.jpg,13.2,0.6573,0.5718,0.5714,1.0,12,4,False,False
15,frame_0328.jpg,131.2,0.6553,0.7643,0.8571,0.08,14,6,False,True
16,frame_0379.jpg,151.6,0.648,0.8514,0.7143,0.04,15,5,False,True
17,frame_0028.jpg,11.2,0.6479,0.6387,0.4286,1.0,8,3,False,False
18,frame_0321.jpg,128.4,0.6368,0.6794,0.8571,0.2,10,6,False,False
19,frame_0385.jpg,154.0,0.6344,0.6746,0.8571,0.2,14,6,False,False
20,frame_0319.jpg,127.6,0.6312,0.7218,0.7143,0.28,12,5,False,False
21,frame_0005.jpg,2.0,0.6306,0.6041,0.4286,1.0,10,3,False,False
22,frame_0368.jpg,147.2,0.6266,0.8087,0.7143,0.04,18,5,False,False
23,frame_0126.jpg,50.4,0.6171,0.5874,0.5714,0.76,8,4,False,False
24,frame_0030.jpg,12.0,0.6162,0.5753,0.4286,1.0,11,3,False,False
25,frame_0291.jpg,116.4,0.6155,0.8092,0.1429,0.84,8,1,False,False
26,frame_0075.jpg,30.0,0.6088,0.5764,0.4286,0.96,8,3,False,False
27,frame_0299.jpg,119.6,0.6013,0.6518,0.5714,0.52,8,4,False,False
28,frame_0074.jpg,29.6,0.5962,0.5353,0.4286,1.0,12,3,False,False
29,frame_0017.jpg,6.8,0.5916,0.5261,0.4286,1.0,9,3,False,False
30,frame_0382.jpg,152.8,0.5898,0.7191,0.7143,0.08,15,5,False,False
31,frame_0071.jpg,28.4,0.5868,0.5165,0.4286,1.0,12,3,False,False
32,frame_0286.jpg,114.4,0.5865,0.5742,0.5714,0.64,11,4,False,False
33,frame_0113.jpg,45.2,0.5864,0.8196,0.4286,0.24,11,3,False,False
34,frame_0378.jpg,151.2,0.5826,0.7047,0.7143,0.08,13,5,False,False
35,frame_0032.jpg,12.8,0.5811,0.4194,0.5714,1.0,14,4,False,False
36,frame_0000.jpg,0.0,0.5797,0.5879,0.2857,1.0,13,2,False,False
37,frame_0398.jpg,159.2,0.5788,0.7188,0.5714,0.24,13,4,False,False
38,frame_0119.jpg,47.6,0.5758,0.5311,0.7143,0.48,11,5,False,False
39,frame_0302.jpg,120.8,0.5748,0.6468,0.5714,0.4,9,4,False,False
40,frame_0170.jpg,68.0,0.5745,0.6142,0.5714,0.48,11,4,False,False
41,frame_0293.jpg,117.2,0.5745,0.5878,0.4286,0.76,11,3,False,False
42,frame_0026.jpg,10.4,0.5706,0.484,0.4286,1.0,9,3,False,False
43,frame_0297.jpg,118.8,0.5653,0.6335,0.4286,0.6,9,3,False,False
44,frame_0011.jpg,4.4,0.5624,0.4676,0.4286,1.0,6,3,False,False
45,frame_0013.jpg,5.2,0.5613,0.4655,0.4286,1.0,5,3,False,False
46,frame_0082.jpg,32.8,0.56,0.5052,0.5714,0.68,11,4,False,False
47,frame_0012.jpg,4.8,0.5593,0.5471,0.2857,1.0,7,2,False,False
48,frame_0290.jpg,116.0,0.5588,0.4548,0.5714,0.8,9,4,False,False
49,frame_0310.jpg,124.0,0.5568,0.7388,0.5714,0.08,13,4,False,False
50,frame_0069.jpg,27.6,0.5567,0.7134,0.0,1.0,10,0,False,False
51,frame_0076.jpg,30.4,0.5554,0.4857,0.4286,0.92,11,3,False,False
52,frame_0186.jpg,74.4,0.5543,0.7498,0.5714,0.04,14,4,False,False
53,frame_0109.jpg,43.6,0.5533,0.7317,0.5714,0.08,13,4,False,False
54,frame_0007.jpg,2.8,0.5525,0.5335,0.2857,1.0,11,2,False,False
55,frame_0390.jpg,156.0,0.5511,0.6416,0.7143,0.08,13,5,False,False
56,frame_0203.jpg,81.2,0.5501,0.5013,0.5714,0.64,7,4,False,False
57,frame_0276.jpg,110.4,0.5484,0.6579,0.5714,0.24,11,4,False,False
58,frame_0031.jpg,12.4,0.5479,0.61,0.1429,1.0,12,1,False,False
59,frame_0018.jpg,7.2,0.5475,0.4378,0.4286,1.0,8,3,False,False
60,frame_0386.jpg,154.4,0.542,0.6452,0.5714,0.24,17,4,False,False
61,frame_0307.jpg,122.8,0.5403,0.6577,0.5714,0.2,11,4,False,False
62,frame_0003.jpg,1.2,0.5388,0.4205,0.4286,1.0,12,3,False,False
63,frame_0014.jpg,5.6,0.5353,0.5849,0.1429,1.0,6,1,False,False
64,frame_0283.jpg,113.2,0.5343,0.6035,0.4286,0.52,8,3,False,False
65,frame_0006.jpg,2.4,0.5339,0.4107,0.4286,1.0,12,3,False,False
66,frame_0131.jpg,52.4,0.5337,0.512,0.2857,0.96,7,2,False,False
67,frame_0020.jpg,8.0,0.5326,0.5795,0.1429,1.0,8,1,False,False
68,frame_0332.jpg,132.8,0.5304,0.702,0.5714,0.04,13,4,False,False
69,frame_0320.jpg,128.0,0.5285,0.4467,0.8571,0.24,13,6,False,False
70,frame_0367.jpg,146.8,0.5283,0.7675,0.4286,0.08,14,3,False,False
71,frame_0330.jpg,132.0,0.5279,0.697,0.5714,0.04,16,4,False,False
72,frame_0169.jpg,67.6,0.5275,0.6755,0.2857,0.52,10,2,False,False
73,frame_0172.jpg,68.8,0.527,0.6368,0.4286,0.4,9,3,False,False
74,frame_0081.jpg,32.4,0.5269,0.5086,0.4286,0.72,11,3,False,False
75,frame_0128.jpg,51.2,0.5268,0.5461,0.2857,0.84,12,2,False,False
76,frame_0284.jpg,113.6,0.5262,0.5712,0.4286,0.56,10,3,False,False
77,frame_0322.jpg,128.8,0.521,0.7209,0.4286,0.16,10,3,False,False
78,frame_0080.jpg,32.0,0.5205,0.4798,0.4286,0.76,11,3,False,False
79,frame_0130.jpg,52.0,0.5205,0.5015,0.2857,0.92,12,2,False,False
80,frame_0210.jpg,84.0,0.519,0.5945,0.2857,0.68,7,2,False,False
81,frame_0132.jpg,52.8,0.5159,0.4603,0.2857,1.0,11,2,False,False
82,frame_0318.jpg,127.2,0.514,0.7606,0.2857,0.24,13,2,False,False
83,frame_0179.jpg,71.6,0.5118,0.7184,0.4286,0.12,10,3,False,False
84,frame_0393.jpg,157.2,0.5117,0.5788,0.7143,0.04,12,5,False,False
85,frame_0193.jpg,77.2,0.5098,0.6664,0.4286,0.24,7,3,False,False
86,frame_0277.jpg,110.8,0.5084,0.6476,0.4286,0.28,11,3,False,False
87,frame_0329.jpg,131.6,0.5057,0.5508,0.7143,0.08,14,5,False,False
88,frame_0298.jpg,119.2,0.5052,0.615,0.2857,0.56,7,2,False,False
89,frame_0188.jpg,75.2,0.5027,0.7322,0.4286,0.04,16,3,False,False
90,frame_0280.jpg,112.0,0.5006,0.4983,0.5714,0.4,10,4,False,False
91,frame_0279.jpg,111.6,0.4986,0.6817,0.2857,0.36,10,2,False,False
92,frame_0225.jpg,90.0,0.4955,0.7019,0.4286,0.08,13,3,False,False
93,frame_0177.jpg,70.8,0.4954,0.6536,0.4286,0.2,10,3,False,False
94,frame_0072.jpg,28.8,0.4918,0.4979,0.1429,1.0,13,1,False,False
95,frame_0306.jpg,122.4,0.4907,0.6282,0.4286,0.24,10,3,False,False
96,frame_0114.jpg,45.6,0.4894,0.6954,0.2857,0.28,13,2,False,False
97,frame_0324.jpg,129.6,0.4893,0.5181,0.7143,0.08,12,5,False,False
98,frame_0296.jpg,118.4,0.4834,0.625,0.1429,0.64,9,1,False,False
99,frame_0315.jpg,126.0,0.4812,0.5716,0.5714,0.12,10,4,False,False
100,frame_0022.jpg,8.8,0.4808,0.3901,0.2857,1.0,9,2,False,False
101,frame_0267.jpg,106.8,0.4801,0.655,0.4286,0.12,6,3,False,False
102,frame_0015.jpg,6.0,0.4792,0.5583,0.0,1.0,7,0,False,False
103,frame_0388.jpg,155.2,0.4774,0.548,0.5714,0.16,10,4,False,False
104,frame_0333.jpg,133.2,0.477,0.6649,0.4286,0.08,14,3,False,False
105,frame_0316.jpg,126.4,0.4765,0.5461,0.5714,0.16,11,4,False,False
106,frame_0178.jpg,71.2,0.4762,0.5456,0.5714,0.16,14,4,False,False
107,frame_0301.jpg,120.4,0.4761,0.6904,0.1429,0.44,11,1,False,False
108,frame_0308.jpg,123.2,0.4755,0.7156,0.2857,0.16,10,2,False,False
109,frame_0370.jpg,148.0,0.4749,0.591,0.5714,0.04,13,4,False,False
110,frame_0185.jpg,74.0,0.4723,0.6555,0.4286,0.08,13,3,False,False
111,frame_0229.jpg,91.6,0.4708,0.5668,0.5714,0.08,10,4,False,False
112,frame_0089.jpg,35.6,0.4704,0.695,0.1429,0.4,10,1,False,False
113,frame_0292.jpg,116.8,0.4703,0.4492,0.2857,0.8,11,2,False,False
114,frame_0223.jpg,89.2,0.4688,0.6164,0.4286,0.16,13,3,False,False
115,frame_0121.jpg,48.4,0.4643,0.5331,0.2857,0.56,11,2,False,False
116,frame_0068.jpg,27.2,0.4639,0.3564,0.2857,1.0,11,2,False,False
117,frame_0078.jpg,31.2,0.463,0.4185,0.2857,0.84,10,2,False,False
118,frame_0190.jpg,76.0,0.4587,0.5266,0.5714,0.12,8,4,False,False
119,frame_0070.jpg,28.0,0.457,0.514,0.0,1.0,12,0,False,False
120,frame_0397.jpg,158.8,0.4566,0.4903,0.5714,0.2,14,4,False,False
121,frame_0232.jpg,92.8,0.4559,0.5747,0.4286,0.2,13,3,False,False
122,frame_0294.jpg,117.6,0.4545,0.5352,0.1429,0.72,8,1,False,False
123,frame_0171.jpg,68.4,0.4537,0.4743,0.4286,0.44,9,3,False,False
124,frame_0268.jpg,107.2,0.4525,0.7015,0.2857,0.08,8,2,False,False
125,frame_0377.jpg,150.8,0.4523,0.5995,0.4286,0.12,17,3,False,False
126,frame_0287.jpg,114.8,0.4518,0.4602,0.2857,0.68,8,2,False,False
127,frame_0125.jpg,50.0,0.4481,0.4367,0.2857,0.72,13,2,False,False
128,frame_0303.jpg,121.2,0.4476,0.494,0.4286,0.36,11,3,False,False
129,frame_0103.jpg,41.2,0.4471,0.573,0.4286,0.16,9,3,False,False
130,frame_0395.jpg,158.0,0.445,0.6706,0.2857,0.12,10,2,False,False
131,frame_0123.jpg,49.2,0.4449,0.4624,0.2857,0.64,12,2,False,False
132,frame_0083.jpg,33.2,0.4431,0.373,0.4286,0.64,8,3,False,False
133,frame_0027.jpg,10.8,0.4421,0.3127,0.2857,1.0,10,2,False,False
134,frame_0180.jpg,72.0,0.4359,0.5826,0.4286,0.08,13,3,False,False
135,frame_0175.jpg,70.0,0.4356,0.5021,0.4286,0.28,11,3,False,False
136,frame_0305.jpg,122.0,0.4347,0.6716,0.1429,0.28,14,1,False,False
137,frame_0314.jpg,125.6,0.4331,0.6627,0.2857,0.08,8,2,False,False
138,frame_0207.jpg,82.8,0.4326,0.3738,0.2857,0.8,7,2,False,False
139,frame_0374.jpg,149.6,0.432,0.6126,0.2857,0.2,13,2,False,False
140,frame_0097.jpg,38.8,0.4316,0.4884,0.5714,0.08,10,4,False,False
141,frame_0288.jpg,115.2,0.4314,0.489,0.1429,0.72,11,1,False,False
142,frame_0383.jpg,153.2,0.4313,0.5574,0.4286,0.12,18,3,False,False
143,frame_0127.jpg,50.8,0.4275,0.3635,0.2857,0.8,10,2,False,False
144,frame_0278.jpg,111.2,0.4269,0.5543,0.2857,0.32,10,2,False,False
145,frame_0211.jpg,84.4,0.4266,0.4257,0.2857,0.64,6,2,False,False
146,frame_0086.jpg,34.4,0.4238,0.4682,0.2857,0.52,9,2,False,False
147,frame_0384.jpg,153.6,0.4237,0.5263,0.4286,0.16,15,3,False,False
148,frame_0105.jpg,42.0,0.4235,0.5579,0.4286,0.08,14,3,False,False
149,frame_0202.jpg,80.8,0.4235,0.4356,0.2857,0.6,5,2,False,False
150,frame_0226.jpg,90.4,0.4231,0.573,0.4286,0.04,12,3,False,False
151,frame_0120.jpg,48.0,0.4225,0.4656,0.2857,0.52,12,2,False,False
152,frame_0181.jpg,72.4,0.4181,0.5631,0.4286,0.04,14,3,False,False
153,frame_0304.jpg,121.6,0.4181,0.5368,0.2857,0.32,10,2,False,False
154,frame_0282.jpg,112.8,0.4179,0.4724,0.2857,0.48,11,2,False,False
155,frame_0184.jpg,73.6,0.4163,0.7148,0.1429,0.08,10,1,False,False
156,frame_0095.jpg,38.0,0.4159,0.682,0.1429,0.16,12,1,False,False
157,frame_0289.jpg,115.6,0.4142,0.353,0.2857,0.76,11,2,False,False
158,frame_0004.jpg,1.6,0.4136,0.4272,0.0,1.0,13,0,False,False
159,frame_0084.jpg,33.6,0.4132,0.415,0.2857,0.6,10,2,False,False
160,frame_0087.jpg,34.8,0.4131,0.4627,0.2857,0.48,6,2,False,False
161,frame_0372.jpg,148.8,0.4108,0.5164,0.4286,0.12,17,3,False,False
162,frame_0106.jpg,42.4,0.4099,0.5466,0.4286,0.04,10,3,False,False
163,frame_0192.jpg,76.8,0.4094,0.5673,0.2857,0.2,10,2,False,False
164,frame_0281.jpg,112.4,0.4073,0.4672,0.2857,0.44,9,2,False,False
165,frame_0391.jpg,156.4,0.405,0.6226,0.2857,0.04,10,2,False,False
166,frame_0230.jpg,92.0,0.4041,0.5887,0.2857,0.12,15,2,False,False
167,frame_0205.jpg,82.0,0.3988,0.3381,0.2857,0.72,5,2,False,False
168,frame_0009.jpg,3.6,0.3982,0.3107,0.1429,1.0,7,1,False,False
169,frame_0209.jpg,83.6,0.3971,0.4205,0.1429,0.72,8,1,False,False
170,frame_0129.jpg,51.6,0.3951,0.4381,0.0,0.88,12,0,False,False
171,frame_0274.jpg,109.6,0.3948,0.6398,0.1429,0.16,13,1,False,False
172,frame_0118.jpg,47.2,0.3936,0.4398,0.2857,0.44,12,2,False,False
173,frame_0189.jpg,75.6,0.3926,0.496,0.4286,0.08,8,3,False,False
174,frame_0116.jpg,46.4,0.3916,0.4677,0.2857,0.36,11,2,False,False
175,frame_0194.jpg,77.6,0.3905,0.4976,0.2857,0.28,7,2,False,False
176,frame_0389.jpg,155.6,0.3905,0.6472,0.1429,0.12,13,1,False,False
177,frame_0167.jpg,66.8,0.3888,0.4519,0.1429,0.6,10,1,False,False
178,frame_0373.jpg,149.2,0.3885,0.5416,0.2857,0.16,13,2,False,False
179,frame_0115.jpg,46.0,0.3872,0.475,0.2857,0.32,9,2,False,False
180,frame_0108.jpg,43.2,0.3868,0.6719,0.1429,0.04,13,1,False,False
181,frame_0327.jpg,130.8,0.3862,0.6707,0.1429,0.04,11,1,False,False
182,frame_0399.jpg,159.6,0.3815,0.5653,0.1429,0.28,10,1,False,False
183,frame_0323.jpg,129.2,0.3801,0.455,0.4286,0.12,10,3,False,False
184,frame_0025.jpg,10.0,0.3768,0.2678,0.1429,1.0,7,1,False,False
185,frame_0201.jpg,80.4,0.3762,0.357,0.2857,0.56,5,2,False,False
186,frame_0233.jpg,93.2,0.3755,0.4835,0.2857,0.24,17,2,False,False
187,frame_0023.jpg,9.2,0.3714,0.257,0.1429,1.0,7,1,False,False
188,frame_0215.jpg,86.0,0.3713,0.3792,0.2857,0.48,10,2,False,False
189,frame_0174.jpg,69.6,0.3706,0.4417,0.2857,0.32,11,2,False,False
190,frame_0196.jpg,78.4,0.3669,0.504,0.1429,0.36,4,1,False,False
191,frame_0111.jpg,44.4,0.3639,0.4066,0.4286,0.16,14,3,False,False
192,frame_0217.jpg,86.8,0.3635,0.3956,0.2857,0.4,11,2,False,False
193,frame_0396.jpg,158.4,0.3635,0.4916,0.2857,0.16,12,2,False,False
194,frame_0371.jpg,148.4,0.3632,0.5229,0.2857,0.08,12,2,False,False
195,frame_0010.jpg,4.0,0.363,0.2402,0.1429,1.0,5,1,False,False
196,frame_0098.jpg,39.2,0.3624,0.4516,0.4286,0.04,12,3,False,False
197,frame_0008.jpg,3.2,0.3606,0.2354,0.1429,1.0,7,1,False,False
198,frame_0206.jpg,82.4,0.36,0.3303,0.1429,0.76,6,1,False,False
199,frame_0221.jpg,88.4,0.3589,0.4503,0.2857,0.24,9,2,False,False
200,frame_0231.jpg,92.4,0.3561,0.6482,0.0,0.16,14,0,False,False
201,frame_0088.jpg,35.2,0.3533,0.3591,0.2857,0.44,11,2,False,False
202,frame_0208.jpg,83.2,0.3533,0.4026,0.0,0.76,9,0,False,False
203,frame_0309.jpg,123.6,0.3516,0.4838,0.2857,0.12,10,2,False,False
204,frame_0269.jpg,107.6,0.3513,0.4294,0.4286,0.04,10,3,False,False
205,frame_0100.jpg,40.0,0.3504,0.5133,0.2857,0.04,9,2,False,False
206,frame_0085.jpg,34.0,0.3494,0.3033,0.2857,0.56,10,2,False,False
207,frame_0200.jpg,80.0,0.347,0.4003,0.1429,0.52,4,1,False,False
208,frame_0168.jpg,67.2,0.3466,0.3834,0.1429,0.56,10,1,False,False
209,frame_0214.jpg,85.6,0.346,0.3125,0.2857,0.52,6,2,False,False
210,frame_0090.jpg,36.0,0.3453,0.3752,0.2857,0.36,8,2,False,False
211,frame_0213.jpg,85.2,0.3426,0.3755,0.1429,0.56,8,1,False,False
212,frame_0122.jpg,48.8,0.3399,0.3541,0.1429,0.6,14,1,False,False
213,frame_0102.jpg,40.8,0.3394,0.4594,0.2857,0.12,9,2,False,False
214,frame_0219.jpg,87.6,0.338,0.4623,0.1429,0.32,6,1,False,False
215,frame_0117.jpg,46.8,0.3373,0.4288,0.1429,0.4,11,1,False,False
216,frame_0300.jpg,120.0,0.3337,0.3897,0.1429,0.48,10,1,False,False
217,frame_0375.jpg,150.0,0.3312,0.4966,0.1429,0.2,10,1,False,False
218,frame_0222.jpg,88.8,0.33,0.4942,0.1429,0.2,9,1,False,False
219,frame_0381.jpg,152.4,0.3248,0.4621,0.2857,0.04,15,2,False,False
220,frame_0272.jpg,108.8,0.3215,0.4395,0.2857,0.08,12,2,False,False
221,frame_0204.jpg,81.6,0.3209,0.284,0.1429,0.68,5,1,False,False
222,frame_0195.jpg,78.0,0.3172,0.4207,0.1429,0.32,8,1,False,False
223,frame_0285.jpg,114.0,0.3093,0.3786,0.0,0.6,7,0,False,False
224,frame_0325.jpg,130.0,0.3067,0.5116,0.1429,0.04,12,1,False,False
225,frame_0094.jpg,37.6,0.3065,0.4473,0.1429,0.2,9,1,False,False
226,frame_0273.jpg,109.2,0.3061,0.3928,0.2857,0.12,9,2,False,False
227,frame_0311.jpg,124.4,0.3048,0.4221,0.2857,0.04,9,2,False,False
228,frame_0091.jpg,36.4,0.2992,0.3847,0.1429,0.32,7,1,False,False
229,frame_0376.jpg,150.4,0.2989,0.4481,0.1429,0.16,11,1,False,False
230,frame_0212.jpg,84.8,0.2971,0.2685,0.1429,0.6,8,1,False,False
231,frame_0019.jpg,7.6,0.2963,0.1925,0.0,1.0,6,0,False,False
232,frame_0024.jpg,9.6,0.2939,0.1877,0.0,1.0,5,0,False,False
233,frame_0104.jpg,41.6,0.2799,0.3404,0.2857,0.12,9,2,False,False
234,frame_0228.jpg,91.2,0.2773,0.5387,0.0,0.04,12,0,False,False
235,frame_0173.jpg,69.2,0.2675,0.3052,0.1429,0.36,10,1,False,False
236,frame_0275.jpg,110.0,0.2634,0.361,0.1429,0.2,12,1,False,False
237,frame_0216.jpg,86.4,0.2632,0.2646,0.1429,0.44,8,1,False,False
238,frame_0199.jpg,79.6,0.2615,0.2452,0.1429,0.48,5,1,False,False
239,frame_0394.jpg,157.6,0.2595,0.4012,0.1429,0.08,12,1,False,False
240,frame_0198.jpg,79.2,0.259,0.2563,0.1429,0.44,6,1,False,False
241,frame_0295.jpg,118.0,0.2565,0.241,0.0,0.68,8,0,False,False
242,frame_0093.jpg,37.2,0.2537,0.3256,0.1429,0.24,13,1,False,False
243,frame_0317.jpg,126.8,0.2482,0.3307,0.1429,0.2,11,1,False,False
244,frame_0112.jpg,44.8,0.247,0.3283,0.1429,0.2,11,1,False,False
245,frame_0271.jpg,108.4,0.2365,0.2856,0.2857,0.04,8,2,False,False
246,frame_0096.jpg,38.4,0.2342,0.4204,0.0,0.12,12,0,False,False
247,frame_0197.jpg,78.8,0.2317,0.2176,0.1429,0.4,5,1,False,False
248,frame_0191.jpg,76.4,0.2287,0.3076,0.1429,0.16,12,1,False,False
249,frame_0220.jpg,88.0,0.2207,0.3294,0.0,0.28,7,0,False,False
250,frame_0110.jpg,44.0,0.2145,0.2953,0.1429,0.12,11,1,False,False
251,frame_0092.jpg,36.8,0.2122,0.3124,0.0,0.28,11,0,False,False
252,frame_0218.jpg,87.2,0.2045,0.265,0.0,0.36,10,0,False,False
253,frame_0183.jpg,73.2,0.1801,0.3441,0.0,0.04,8,0,False,False
254,frame_0101.jpg,40.4,0.145,0.2579,0.0,0.08,8,0,False,False
255,frame_0313.jpg,125.2,0.1394,0.2627,0.0,0.04,5,0,False,False
256,frame_0224.jpg,89.6,0.1326,0.2172,0.0,0.12,9,0,False,False
